<?xml version="1.0" encoding="utf-8"?>
<ApplicationInstallerManifest>
   <DefaultInstallationDirectory>/Applications/Fodis/</DefaultInstallationDirectory>
   <ApplicationName>Fodis</ApplicationName>
   <ExecutableName>application/Fodis.exe</ExecutableName>
   <GUID>fcd58e03-5e6f-45af-bd7b-40cbdc5e8b45</GUID>
   <ApplicationIcon>default_icon_48.png</ApplicationIcon>
   <Logo>default_logo.png</Logo>
   <Version>1.3</Version>
   <WelcomePanelText>Fodis 1.3
Nicola Galvanetto</WelcomePanelText>
   <MCRProducts>
      <MCRProduct>
         <ExternalProductIdentifier>35000</ExternalProductIdentifier>
      </MCRProduct>
      <MCRProduct>
         <ExternalProductIdentifier>35010</ExternalProductIdentifier>
      </MCRProduct>
   </MCRProducts>
</ApplicationInstallerManifest>