<?xml version="1.0" encoding="utf-8"?>
<ApplicationInstallerManifest>
   <DefaultInstallationDirectory>/Applications/Fodis/</DefaultInstallationDirectory>
   <ApplicationName>Fodis</ApplicationName>
   <ExecutableName>application/Fodis.exe</ExecutableName>
   <GUID>e62f386e-6809-4dfc-b078-987e555d230f</GUID>
   <ApplicationIcon>icon_48.png</ApplicationIcon>
   <Logo>default_logo.png</Logo>
   <Version>1.0</Version>
   <InstallationNotes>In the following directions, replace MCR_ROOT by the directory where the MATLAB Runtime is installed on the target machine.

If the environment variable DYLD_LIBRARY_PATH is undefined, set it to the concatenation of the following strings:

    MCR_ROOT/v92/runtime/maci64:
    MCR_ROOT/v92/sys/os/maci64:
    MCR_ROOT/v92/bin/maci64

If it is defined, set it to the concatenation of these strings:

    ${LD_LIBRARY_PATH}: 
    MCR_ROOT/v92/runtime/maci64:
    MCR_ROOT/v92/sys/os/maci64:
    MCR_ROOT/v92/bin/maci64</InstallationNotes>
   <WelcomePanelText>Fodis 1.0</WelcomePanelText>
   <MCRProducts>
      <MCRProduct>
         <ExternalProductIdentifier>35000</ExternalProductIdentifier>
      </MCRProduct>
      <MCRProduct>
         <ExternalProductIdentifier>35010</ExternalProductIdentifier>
      </MCRProduct>
   </MCRProducts>
</ApplicationInstallerManifest>